index,name,type,input_shape,output_shape,in_channels,out_channels,kernel_size,stride,padding,dilation,groups,in_features,out_features,num_features,weight_shape,bias_shape,prelu_weight_shape,running_mean_shape,running_var_shape,param_numel,buffer_numel,macs,output_elements,weight_bit,activation_bit,x_min,x_max,full_precision,running_stat,note
0,conv1.conv,Quant_Conv2d,"[1, 3, 112, 112]","[1, 64, 56, 56]",3,64,"[3, 3]","[2, 2]","[1, 1]","[1, 1]",1,,,,"[64, 3, 3, 3]",,,,,1728,0,5419008,200704,8,,,,False,,
1,conv1.bn,BatchNorm2d,"[1, 64, 56, 56]","[1, 64, 56, 56]",,,,,,,,,,64,[64],[64],,[64],[64],128,129,,200704,,,,,,,
2,conv1.prelu,QuantActPreLu,"[1, 64, 56, 56]","[1, 64, 56, 56]",,,,,,,,,,,,,[64],,,64,0,,200704,,8,-1.4475910663604736,2.3678195476531982,False,True,prelu_then_activation_quant
3,conv2_dw.conv,Quant_Conv2d,"[1, 64, 56, 56]","[1, 64, 56, 56]",64,64,"[3, 3]","[1, 1]","[1, 1]","[1, 1]",64,,,,"[64, 1, 3, 3]",,,,,576,0,1806336,200704,8,,,,False,,
4,conv2_dw.bn,BatchNorm2d,"[1, 64, 56, 56]","[1, 64, 56, 56]",,,,,,,,,,64,[64],[64],,[64],[64],128,129,,200704,,,,,,,
5,conv2_dw.prelu,QuantActPreLu,"[1, 64, 56, 56]","[1, 64, 56, 56]",,,,,,,,,,,,,[64],,,64,0,,200704,,8,-2.4408092498779297,6.2871270179748535,False,True,prelu_then_activation_quant
6,conv_23.conv.conv,Quant_Conv2d,"[1, 64, 56, 56]","[1, 128, 56, 56]",64,128,"[1, 1]","[1, 1]","[0, 0]","[1, 1]",1,,,,"[128, 64, 1, 1]",,,,,8192,0,25690112,401408,8,,,,False,,
7,conv_23.conv.bn,BatchNorm2d,"[1, 128, 56, 56]","[1, 128, 56, 56]",,,,,,,,,,128,[128],[128],,[128],[128],256,257,,401408,,,,,,,
8,conv_23.conv.prelu,QuantActPreLu,"[1, 128, 56, 56]","[1, 128, 56, 56]",,,,,,,,,,,,,[128],,,128,0,,401408,,8,-0.9595906734466553,5.07781982421875,False,True,prelu_then_activation_quant
9,conv_23.conv_dw.conv,Quant_Conv2d,"[1, 128, 56, 56]","[1, 128, 28, 28]",128,128,"[3, 3]","[2, 2]","[1, 1]","[1, 1]",128,,,,"[128, 1, 3, 3]",,,,,1152,0,903168,100352,8,,,,False,,
10,conv_23.conv_dw.bn,BatchNorm2d,"[1, 128, 28, 28]","[1, 128, 28, 28]",,,,,,,,,,128,[128],[128],,[128],[128],256,257,,100352,,,,,,,
11,conv_23.conv_dw.prelu,QuantActPreLu,"[1, 128, 28, 28]","[1, 128, 28, 28]",,,,,,,,,,,,,[128],,,128,0,,100352,,8,-2.122344732284546,4.42881965637207,False,True,prelu_then_activation_quant
12,conv_23.project.conv,Quant_Conv2d,"[1, 128, 28, 28]","[1, 64, 28, 28]",128,64,"[1, 1]","[1, 1]","[0, 0]","[1, 1]",1,,,,"[64, 128, 1, 1]",,,,,8192,0,6422528,50176,8,,,,False,,
13,conv_23.project.bn,BatchNorm2d,"[1, 64, 28, 28]","[1, 64, 28, 28]",,,,,,,,,,64,[64],[64],,[64],[64],128,129,,50176,,,,,,,
14,conv_3.model.0.0.conv.conv,Quant_Conv2d,"[1, 64, 28, 28]","[1, 128, 28, 28]",64,128,"[1, 1]","[1, 1]","[0, 0]","[1, 1]",1,,,,"[128, 64, 1, 1]",,,,,8192,0,6422528,100352,8,,,,False,,
15,conv_3.model.0.0.conv.bn,BatchNorm2d,"[1, 128, 28, 28]","[1, 128, 28, 28]",,,,,,,,,,128,[128],[128],,[128],[128],256,257,,100352,,,,,,,
16,conv_3.model.0.0.conv.prelu,QuantActPreLu,"[1, 128, 28, 28]","[1, 128, 28, 28]",,,,,,,,,,,,,[128],,,128,0,,100352,,8,-0.3975980281829834,1.1086786985397339,False,True,prelu_then_activation_quant
17,conv_3.model.0.0.conv_dw.conv,Quant_Conv2d,"[1, 128, 28, 28]","[1, 128, 28, 28]",128,128,"[3, 3]","[1, 1]","[1, 1]","[1, 1]",128,,,,"[128, 1, 3, 3]",,,,,1152,0,903168,100352,8,,,,False,,
18,conv_3.model.0.0.conv_dw.bn,BatchNorm2d,"[1, 128, 28, 28]","[1, 128, 28, 28]",,,,,,,,,,128,[128],[128],,[128],[128],256,257,,100352,,,,,,,
19,conv_3.model.0.0.conv_dw.prelu,QuantActPreLu,"[1, 128, 28, 28]","[1, 128, 28, 28]",,,,,,,,,,,,,[128],,,128,0,,100352,,8,-0.5474601984024048,2.7144813537597656,False,True,prelu_then_activation_quant
20,conv_3.model.0.0.project.conv,Quant_Conv2d,"[1, 128, 28, 28]","[1, 64, 28, 28]",128,64,"[1, 1]","[1, 1]","[0, 0]","[1, 1]",1,,,,"[64, 128, 1, 1]",,,,,8192,0,6422528,50176,8,,,,False,,
21,conv_3.model.0.0.project.bn,BatchNorm2d,"[1, 64, 28, 28]","[1, 64, 28, 28]",,,,,,,,,,64,[64],[64],,[64],[64],128,129,,50176,,,,,,,
22,conv_3.model.0.1,QuantAct,"[1, 64, 28, 28]","[1, 64, 28, 28]",,,,,,,,,,,,,,,,0,4,,50176,,8,-3.117239475250244,4.086012840270996,False,False,residual_add_output_quant
23,conv_3.model.1.0.conv.conv,Quant_Conv2d,"[1, 64, 28, 28]","[1, 128, 28, 28]",64,128,"[1, 1]","[1, 1]","[0, 0]","[1, 1]",1,,,,"[128, 64, 1, 1]",,,,,8192,0,6422528,100352,8,,,,False,,
24,conv_3.model.1.0.conv.bn,BatchNorm2d,"[1, 128, 28, 28]","[1, 128, 28, 28]",,,,,,,,,,128,[128],[128],,[128],[128],256,257,,100352,,,,,,,
25,conv_3.model.1.0.conv.prelu,QuantActPreLu,"[1, 128, 28, 28]","[1, 128, 28, 28]",,,,,,,,,,,,,[128],,,128,0,,100352,,8,-0.32354769110679626,1.2947860956192017,False,True,prelu_then_activation_quant
26,conv_3.model.1.0.conv_dw.conv,Quant_Conv2d,"[1, 128, 28, 28]","[1, 128, 28, 28]",128,128,"[3, 3]","[1, 1]","[1, 1]","[1, 1]",128,,,,"[128, 1, 3, 3]",,,,,1152,0,903168,100352,8,,,,False,,
27,conv_3.model.1.0.conv_dw.bn,BatchNorm2d,"[1, 128, 28, 28]","[1, 128, 28, 28]",,,,,,,,,,128,[128],[128],,[128],[128],256,257,,100352,,,,,,,
28,conv_3.model.1.0.conv_dw.prelu,QuantActPreLu,"[1, 128, 28, 28]","[1, 128, 28, 28]",,,,,,,,,,,,,[128],,,128,0,,100352,,8,-0.9270885586738586,3.636932849884033,False,True,prelu_then_activation_quant
29,conv_3.model.1.0.project.conv,Quant_Conv2d,"[1, 128, 28, 28]","[1, 64, 28, 28]",128,64,"[1, 1]","[1, 1]","[0, 0]","[1, 1]",1,,,,"[64, 128, 1, 1]",,,,,8192,0,6422528,50176,8,,,,False,,
30,conv_3.model.1.0.project.bn,BatchNorm2d,"[1, 64, 28, 28]","[1, 64, 28, 28]",,,,,,,,,,64,[64],[64],,[64],[64],128,129,,50176,,,,,,,
31,conv_3.model.1.1,QuantAct,"[1, 64, 28, 28]","[1, 64, 28, 28]",,,,,,,,,,,,,,,,0,4,,50176,,8,-3.387274742126465,3.622286796569824,False,False,residual_add_output_quant
32,conv_3.model.2.0.conv.conv,Quant_Conv2d,"[1, 64, 28, 28]","[1, 128, 28, 28]",64,128,"[1, 1]","[1, 1]","[0, 0]","[1, 1]",1,,,,"[128, 64, 1, 1]",,,,,8192,0,6422528,100352,8,,,,False,,
33,conv_3.model.2.0.conv.bn,BatchNorm2d,"[1, 128, 28, 28]","[1, 128, 28, 28]",,,,,,,,,,128,[128],[128],,[128],[128],256,257,,100352,,,,,,,
34,conv_3.model.2.0.conv.prelu,QuantActPreLu,"[1, 128, 28, 28]","[1, 128, 28, 28]",,,,,,,,,,,,,[128],,,128,0,,100352,,8,-0.29019972681999207,1.4713294506072998,False,True,prelu_then_activation_quant
35,conv_3.model.2.0.conv_dw.conv,Quant_Conv2d,"[1, 128, 28, 28]","[1, 128, 28, 28]",128,128,"[3, 3]","[1, 1]","[1, 1]","[1, 1]",128,,,,"[128, 1, 3, 3]",,,,,1152,0,903168,100352,8,,,,False,,
36,conv_3.model.2.0.conv_dw.bn,BatchNorm2d,"[1, 128, 28, 28]","[1, 128, 28, 28]",,,,,,,,,,128,[128],[128],,[128],[128],256,257,,100352,,,,,,,
37,conv_3.model.2.0.conv_dw.prelu,QuantActPreLu,"[1, 128, 28, 28]","[1, 128, 28, 28]",,,,,,,,,,,,,[128],,,128,0,,100352,,8,-0.3107304573059082,3.5743298530578613,False,True,prelu_then_activation_quant
38,conv_3.model.2.0.project.conv,Quant_Conv2d,"[1, 128, 28, 28]","[1, 64, 28, 28]",128,64,"[1, 1]","[1, 1]","[0, 0]","[1, 1]",1,,,,"[64, 128, 1, 1]",,,,,8192,0,6422528,50176,8,,,,False,,
39,conv_3.model.2.0.project.bn,BatchNorm2d,"[1, 64, 28, 28]","[1, 64, 28, 28]",,,,,,,,,,64,[64],[64],,[64],[64],128,129,,50176,,,,,,,
40,conv_3.model.2.1,QuantAct,"[1, 64, 28, 28]","[1, 64, 28, 28]",,,,,,,,,,,,,,,,0,4,,50176,,8,-5.423863887786865,6.589082717895508,False,False,residual_add_output_quant
41,conv_3.model.3.0.conv.conv,Quant_Conv2d,"[1, 64, 28, 28]","[1, 128, 28, 28]",64,128,"[1, 1]","[1, 1]","[0, 0]","[1, 1]",1,,,,"[128, 64, 1, 1]",,,,,8192,0,6422528,100352,8,,,,False,,
42,conv_3.model.3.0.conv.bn,BatchNorm2d,"[1, 128, 28, 28]","[1, 128, 28, 28]",,,,,,,,,,128,[128],[128],,[128],[128],256,257,,100352,,,,,,,
43,conv_3.model.3.0.conv.prelu,QuantActPreLu,"[1, 128, 28, 28]","[1, 128, 28, 28]",,,,,,,,,,,,,[128],,,128,0,,100352,,8,-0.3645729720592499,1.991772174835205,False,True,prelu_then_activation_quant
44,conv_3.model.3.0.conv_dw.conv,Quant_Conv2d,"[1, 128, 28, 28]","[1, 128, 28, 28]",128,128,"[3, 3]","[1, 1]","[1, 1]","[1, 1]",128,,,,"[128, 1, 3, 3]",,,,,1152,0,903168,100352,8,,,,False,,
45,conv_3.model.3.0.conv_dw.bn,BatchNorm2d,"[1, 128, 28, 28]","[1, 128, 28, 28]",,,,,,,,,,128,[128],[128],,[128],[128],256,257,,100352,,,,,,,
46,conv_3.model.3.0.conv_dw.prelu,QuantActPreLu,"[1, 128, 28, 28]","[1, 128, 28, 28]",,,,,,,,,,,,,[128],,,128,0,,100352,,8,-0.6354346871376038,3.720135450363159,False,True,prelu_then_activation_quant
47,conv_3.model.3.0.project.conv,Quant_Conv2d,"[1, 128, 28, 28]","[1, 64, 28, 28]",128,64,"[1, 1]","[1, 1]","[0, 0]","[1, 1]",1,,,,"[64, 128, 1, 1]",,,,,8192,0,6422528,50176,8,,,,False,,
48,conv_3.model.3.0.project.bn,BatchNorm2d,"[1, 64, 28, 28]","[1, 64, 28, 28]",,,,,,,,,,64,[64],[64],,[64],[64],128,129,,50176,,,,,,,
49,conv_3.model.3.1,QuantAct,"[1, 64, 28, 28]","[1, 64, 28, 28]",,,,,,,,,,,,,,,,0,4,,50176,,8,-8.75257682800293,7.589846611022949,False,False,residual_add_output_quant
50,conv_34.conv.conv,Quant_Conv2d,"[1, 64, 28, 28]","[1, 256, 28, 28]",64,256,"[1, 1]","[1, 1]","[0, 0]","[1, 1]",1,,,,"[256, 64, 1, 1]",,,,,16384,0,12845056,200704,8,,,,False,,
51,conv_34.conv.bn,BatchNorm2d,"[1, 256, 28, 28]","[1, 256, 28, 28]",,,,,,,,,,256,[256],[256],,[256],[256],512,513,,200704,,,,,,,
52,conv_34.conv.prelu,QuantActPreLu,"[1, 256, 28, 28]","[1, 256, 28, 28]",,,,,,,,,,,,,[256],,,256,0,,200704,,8,-0.28298792243003845,1.499998688697815,False,True,prelu_then_activation_quant
53,conv_34.conv_dw.conv,Quant_Conv2d,"[1, 256, 28, 28]","[1, 256, 14, 14]",256,256,"[3, 3]","[2, 2]","[1, 1]","[1, 1]",256,,,,"[256, 1, 3, 3]",,,,,2304,0,451584,50176,8,,,,False,,
54,conv_34.conv_dw.bn,BatchNorm2d,"[1, 256, 14, 14]","[1, 256, 14, 14]",,,,,,,,,,256,[256],[256],,[256],[256],512,513,,50176,,,,,,,
55,conv_34.conv_dw.prelu,QuantActPreLu,"[1, 256, 14, 14]","[1, 256, 14, 14]",,,,,,,,,,,,,[256],,,256,0,,50176,,8,-1.6584945917129517,2.974113941192627,False,True,prelu_then_activation_quant
56,conv_34.project.conv,Quant_Conv2d,"[1, 256, 14, 14]","[1, 128, 14, 14]",256,128,"[1, 1]","[1, 1]","[0, 0]","[1, 1]",1,,,,"[128, 256, 1, 1]",,,,,32768,0,6422528,25088,8,,,,False,,
57,conv_34.project.bn,BatchNorm2d,"[1, 128, 14, 14]","[1, 128, 14, 14]",,,,,,,,,,128,[128],[128],,[128],[128],256,257,,25088,,,,,,,
58,conv_4.model.0.0.conv.conv,Quant_Conv2d,"[1, 128, 14, 14]","[1, 256, 14, 14]",128,256,"[1, 1]","[1, 1]","[0, 0]","[1, 1]",1,,,,"[256, 128, 1, 1]",,,,,32768,0,6422528,50176,8,,,,False,,
59,conv_4.model.0.0.conv.bn,BatchNorm2d,"[1, 256, 14, 14]","[1, 256, 14, 14]",,,,,,,,,,256,[256],[256],,[256],[256],512,513,,50176,,,,,,,
60,conv_4.model.0.0.conv.prelu,QuantActPreLu,"[1, 256, 14, 14]","[1, 256, 14, 14]",,,,,,,,,,,,,[256],,,256,0,,50176,,8,-0.20248548686504364,1.3485243320465088,False,True,prelu_then_activation_quant
61,conv_4.model.0.0.conv_dw.conv,Quant_Conv2d,"[1, 256, 14, 14]","[1, 256, 14, 14]",256,256,"[3, 3]","[1, 1]","[1, 1]","[1, 1]",256,,,,"[256, 1, 3, 3]",,,,,2304,0,451584,50176,8,,,,False,,
62,conv_4.model.0.0.conv_dw.bn,BatchNorm2d,"[1, 256, 14, 14]","[1, 256, 14, 14]",,,,,,,,,,256,[256],[256],,[256],[256],512,513,,50176,,,,,,,
63,conv_4.model.0.0.conv_dw.prelu,QuantActPreLu,"[1, 256, 14, 14]","[1, 256, 14, 14]",,,,,,,,,,,,,[256],,,256,0,,50176,,8,-0.3201037347316742,2.105782985687256,False,True,prelu_then_activation_quant
64,conv_4.model.0.0.project.conv,Quant_Conv2d,"[1, 256, 14, 14]","[1, 128, 14, 14]",256,128,"[1, 1]","[1, 1]","[0, 0]","[1, 1]",1,,,,"[128, 256, 1, 1]",,,,,32768,0,6422528,25088,8,,,,False,,
65,conv_4.model.0.0.project.bn,BatchNorm2d,"[1, 128, 14, 14]","[1, 128, 14, 14]",,,,,,,,,,128,[128],[128],,[128],[128],256,257,,25088,,,,,,,
66,conv_4.model.0.1,QuantAct,"[1, 128, 14, 14]","[1, 128, 14, 14]",,,,,,,,,,,,,,,,0,4,,25088,,8,-2.30216121673584,3.2521519660949707,False,False,residual_add_output_quant
67,conv_4.model.1.0.conv.conv,Quant_Conv2d,"[1, 128, 14, 14]","[1, 256, 14, 14]",128,256,"[1, 1]","[1, 1]","[0, 0]","[1, 1]",1,,,,"[256, 128, 1, 1]",,,,,32768,0,6422528,50176,8,,,,False,,
68,conv_4.model.1.0.conv.bn,BatchNorm2d,"[1, 256, 14, 14]","[1, 256, 14, 14]",,,,,,,,,,256,[256],[256],,[256],[256],512,513,,50176,,,,,,,
69,conv_4.model.1.0.conv.prelu,QuantActPreLu,"[1, 256, 14, 14]","[1, 256, 14, 14]",,,,,,,,,,,,,[256],,,256,0,,50176,,8,-0.1649332493543625,0.8791435360908508,False,True,prelu_then_activation_quant
70,conv_4.model.1.0.conv_dw.conv,Quant_Conv2d,"[1, 256, 14, 14]","[1, 256, 14, 14]",256,256,"[3, 3]","[1, 1]","[1, 1]","[1, 1]",256,,,,"[256, 1, 3, 3]",,,,,2304,0,451584,50176,8,,,,False,,
71,conv_4.model.1.0.conv_dw.bn,BatchNorm2d,"[1, 256, 14, 14]","[1, 256, 14, 14]",,,,,,,,,,256,[256],[256],,[256],[256],512,513,,50176,,,,,,,
72,conv_4.model.1.0.conv_dw.prelu,QuantActPreLu,"[1, 256, 14, 14]","[1, 256, 14, 14]",,,,,,,,,,,,,[256],,,256,0,,50176,,8,-0.15431812405586243,2.76716947555542,False,True,prelu_then_activation_quant
73,conv_4.model.1.0.project.conv,Quant_Conv2d,"[1, 256, 14, 14]","[1, 128, 14, 14]",256,128,"[1, 1]","[1, 1]","[0, 0]","[1, 1]",1,,,,"[128, 256, 1, 1]",,,,,32768,0,6422528,25088,8,,,,False,,
74,conv_4.model.1.0.project.bn,BatchNorm2d,"[1, 128, 14, 14]","[1, 128, 14, 14]",,,,,,,,,,128,[128],[128],,[128],[128],256,257,,25088,,,,,,,
75,conv_4.model.1.1,QuantAct,"[1, 128, 14, 14]","[1, 128, 14, 14]",,,,,,,,,,,,,,,,0,4,,25088,,8,-2.259183168411255,3.2643392086029053,False,False,residual_add_output_quant
76,conv_4.model.2.0.conv.conv,Quant_Conv2d,"[1, 128, 14, 14]","[1, 256, 14, 14]",128,256,"[1, 1]","[1, 1]","[0, 0]","[1, 1]",1,,,,"[256, 128, 1, 1]",,,,,32768,0,6422528,50176,8,,,,False,,
77,conv_4.model.2.0.conv.bn,BatchNorm2d,"[1, 256, 14, 14]","[1, 256, 14, 14]",,,,,,,,,,256,[256],[256],,[256],[256],512,513,,50176,,,,,,,
78,conv_4.model.2.0.conv.prelu,QuantActPreLu,"[1, 256, 14, 14]","[1, 256, 14, 14]",,,,,,,,,,,,,[256],,,256,0,,50176,,8,-0.1971278041601181,0.9220935702323914,False,True,prelu_then_activation_quant
79,conv_4.model.2.0.conv_dw.conv,Quant_Conv2d,"[1, 256, 14, 14]","[1, 256, 14, 14]",256,256,"[3, 3]","[1, 1]","[1, 1]","[1, 1]",256,,,,"[256, 1, 3, 3]",,,,,2304,0,451584,50176,8,,,,False,,
80,conv_4.model.2.0.conv_dw.bn,BatchNorm2d,"[1, 256, 14, 14]","[1, 256, 14, 14]",,,,,,,,,,256,[256],[256],,[256],[256],512,513,,50176,,,,,,,
81,conv_4.model.2.0.conv_dw.prelu,QuantActPreLu,"[1, 256, 14, 14]","[1, 256, 14, 14]",,,,,,,,,,,,,[256],,,256,0,,50176,,8,-0.16117532551288605,3.0438568592071533,False,True,prelu_then_activation_quant
82,conv_4.model.2.0.project.conv,Quant_Conv2d,"[1, 256, 14, 14]","[1, 128, 14, 14]",256,128,"[1, 1]","[1, 1]","[0, 0]","[1, 1]",1,,,,"[128, 256, 1, 1]",,,,,32768,0,6422528,25088,8,,,,False,,
83,conv_4.model.2.0.project.bn,BatchNorm2d,"[1, 128, 14, 14]","[1, 128, 14, 14]",,,,,,,,,,128,[128],[128],,[128],[128],256,257,,25088,,,,,,,
84,conv_4.model.2.1,QuantAct,"[1, 128, 14, 14]","[1, 128, 14, 14]",,,,,,,,,,,,,,,,0,4,,25088,,8,-2.5491206645965576,3.3017144203186035,False,False,residual_add_output_quant
85,conv_4.model.3.0.conv.conv,Quant_Conv2d,"[1, 128, 14, 14]","[1, 256, 14, 14]",128,256,"[1, 1]","[1, 1]","[0, 0]","[1, 1]",1,,,,"[256, 128, 1, 1]",,,,,32768,0,6422528,50176,8,,,,False,,
86,conv_4.model.3.0.conv.bn,BatchNorm2d,"[1, 256, 14, 14]","[1, 256, 14, 14]",,,,,,,,,,256,[256],[256],,[256],[256],512,513,,50176,,,,,,,
87,conv_4.model.3.0.conv.prelu,QuantActPreLu,"[1, 256, 14, 14]","[1, 256, 14, 14]",,,,,,,,,,,,,[256],,,256,0,,50176,,8,-0.1364833116531372,0.960823655128479,False,True,prelu_then_activation_quant
88,conv_4.model.3.0.conv_dw.conv,Quant_Conv2d,"[1, 256, 14, 14]","[1, 256, 14, 14]",256,256,"[3, 3]","[1, 1]","[1, 1]","[1, 1]",256,,,,"[256, 1, 3, 3]",,,,,2304,0,451584,50176,8,,,,False,,
89,conv_4.model.3.0.conv_dw.bn,BatchNorm2d,"[1, 256, 14, 14]","[1, 256, 14, 14]",,,,,,,,,,256,[256],[256],,[256],[256],512,513,,50176,,,,,,,
90,conv_4.model.3.0.conv_dw.prelu,QuantActPreLu,"[1, 256, 14, 14]","[1, 256, 14, 14]",,,,,,,,,,,,,[256],,,256,0,,50176,,8,-0.4806644916534424,3.624673366546631,False,True,prelu_then_activation_quant
91,conv_4.model.3.0.project.conv,Quant_Conv2d,"[1, 256, 14, 14]","[1, 128, 14, 14]",256,128,"[1, 1]","[1, 1]","[0, 0]","[1, 1]",1,,,,"[128, 256, 1, 1]",,,,,32768,0,6422528,25088,8,,,,False,,
92,conv_4.model.3.0.project.bn,BatchNorm2d,"[1, 128, 14, 14]","[1, 128, 14, 14]",,,,,,,,,,128,[128],[128],,[128],[128],256,257,,25088,,,,,,,
93,conv_4.model.3.1,QuantAct,"[1, 128, 14, 14]","[1, 128, 14, 14]",,,,,,,,,,,,,,,,0,4,,25088,,8,-2.6266443729400635,3.4263200759887695,False,False,residual_add_output_quant
94,conv_4.model.4.0.conv.conv,Quant_Conv2d,"[1, 128, 14, 14]","[1, 256, 14, 14]",128,256,"[1, 1]","[1, 1]","[0, 0]","[1, 1]",1,,,,"[256, 128, 1, 1]",,,,,32768,0,6422528,50176,8,,,,False,,
95,conv_4.model.4.0.conv.bn,BatchNorm2d,"[1, 256, 14, 14]","[1, 256, 14, 14]",,,,,,,,,,256,[256],[256],,[256],[256],512,513,,50176,,,,,,,
96,conv_4.model.4.0.conv.prelu,QuantActPreLu,"[1, 256, 14, 14]","[1, 256, 14, 14]",,,,,,,,,,,,,[256],,,256,0,,50176,,8,-0.2898591458797455,1.1090195178985596,False,True,prelu_then_activation_quant
97,conv_4.model.4.0.conv_dw.conv,Quant_Conv2d,"[1, 256, 14, 14]","[1, 256, 14, 14]",256,256,"[3, 3]","[1, 1]","[1, 1]","[1, 1]",256,,,,"[256, 1, 3, 3]",,,,,2304,0,451584,50176,8,,,,False,,
98,conv_4.model.4.0.conv_dw.bn,BatchNorm2d,"[1, 256, 14, 14]","[1, 256, 14, 14]",,,,,,,,,,256,[256],[256],,[256],[256],512,513,,50176,,,,,,,
99,conv_4.model.4.0.conv_dw.prelu,QuantActPreLu,"[1, 256, 14, 14]","[1, 256, 14, 14]",,,,,,,,,,,,,[256],,,256,0,,50176,,8,-0.5532326102256775,2.7197790145874023,False,True,prelu_then_activation_quant
100,conv_4.model.4.0.project.conv,Quant_Conv2d,"[1, 256, 14, 14]","[1, 128, 14, 14]",256,128,"[1, 1]","[1, 1]","[0, 0]","[1, 1]",1,,,,"[128, 256, 1, 1]",,,,,32768,0,6422528,25088,8,,,,False,,
101,conv_4.model.4.0.project.bn,BatchNorm2d,"[1, 128, 14, 14]","[1, 128, 14, 14]",,,,,,,,,,128,[128],[128],,[128],[128],256,257,,25088,,,,,,,
102,conv_4.model.4.1,QuantAct,"[1, 128, 14, 14]","[1, 128, 14, 14]",,,,,,,,,,,,,,,,0,4,,25088,,8,-4.7037835121154785,3.6945767402648926,False,False,residual_add_output_quant
103,conv_4.model.5.0.conv.conv,Quant_Conv2d,"[1, 128, 14, 14]","[1, 256, 14, 14]",128,256,"[1, 1]","[1, 1]","[0, 0]","[1, 1]",1,,,,"[256, 128, 1, 1]",,,,,32768,0,6422528,50176,8,,,,False,,
104,conv_4.model.5.0.conv.bn,BatchNorm2d,"[1, 256, 14, 14]","[1, 256, 14, 14]",,,,,,,,,,256,[256],[256],,[256],[256],512,513,,50176,,,,,,,
105,conv_4.model.5.0.conv.prelu,QuantActPreLu,"[1, 256, 14, 14]","[1, 256, 14, 14]",,,,,,,,,,,,,[256],,,256,0,,50176,,8,-0.24183405935764313,1.0286678075790405,False,True,prelu_then_activation_quant
106,conv_4.model.5.0.conv_dw.conv,Quant_Conv2d,"[1, 256, 14, 14]","[1, 256, 14, 14]",256,256,"[3, 3]","[1, 1]","[1, 1]","[1, 1]",256,,,,"[256, 1, 3, 3]",,,,,2304,0,451584,50176,8,,,,False,,
107,conv_4.model.5.0.conv_dw.bn,BatchNorm2d,"[1, 256, 14, 14]","[1, 256, 14, 14]",,,,,,,,,,256,[256],[256],,[256],[256],512,513,,50176,,,,,,,
108,conv_4.model.5.0.conv_dw.prelu,QuantActPreLu,"[1, 256, 14, 14]","[1, 256, 14, 14]",,,,,,,,,,,,,[256],,,256,0,,50176,,8,-0.6711417436599731,3.2283735275268555,False,True,prelu_then_activation_quant
109,conv_4.model.5.0.project.conv,Quant_Conv2d,"[1, 256, 14, 14]","[1, 128, 14, 14]",256,128,"[1, 1]","[1, 1]","[0, 0]","[1, 1]",1,,,,"[128, 256, 1, 1]",,,,,32768,0,6422528,25088,8,,,,False,,
110,conv_4.model.5.0.project.bn,BatchNorm2d,"[1, 128, 14, 14]","[1, 128, 14, 14]",,,,,,,,,,128,[128],[128],,[128],[128],256,257,,25088,,,,,,,
111,conv_4.model.5.1,QuantAct,"[1, 128, 14, 14]","[1, 128, 14, 14]",,,,,,,,,,,,,,,,0,4,,25088,,8,-6.100615501403809,6.797799110412598,False,False,residual_add_output_quant
112,conv_45.conv.conv,Quant_Conv2d,"[1, 128, 14, 14]","[1, 512, 14, 14]",128,512,"[1, 1]","[1, 1]","[0, 0]","[1, 1]",1,,,,"[512, 128, 1, 1]",,,,,65536,0,12845056,100352,8,,,,False,,
113,conv_45.conv.bn,BatchNorm2d,"[1, 512, 14, 14]","[1, 512, 14, 14]",,,,,,,,,,512,[512],[512],,[512],[512],1024,1025,,100352,,,,,,,
114,conv_45.conv.prelu,QuantActPreLu,"[1, 512, 14, 14]","[1, 512, 14, 14]",,,,,,,,,,,,,[512],,,512,0,,100352,,8,-0.256062388420105,1.0763914585113525,False,True,prelu_then_activation_quant
115,conv_45.conv_dw.conv,Quant_Conv2d,"[1, 512, 14, 14]","[1, 512, 7, 7]",512,512,"[3, 3]","[2, 2]","[1, 1]","[1, 1]",512,,,,"[512, 1, 3, 3]",,,,,4608,0,225792,25088,8,,,,False,,
116,conv_45.conv_dw.bn,BatchNorm2d,"[1, 512, 7, 7]","[1, 512, 7, 7]",,,,,,,,,,512,[512],[512],,[512],[512],1024,1025,,25088,,,,,,,
117,conv_45.conv_dw.prelu,QuantActPreLu,"[1, 512, 7, 7]","[1, 512, 7, 7]",,,,,,,,,,,,,[512],,,512,0,,25088,,8,-2.0103464126586914,2.2492220401763916,False,True,prelu_then_activation_quant
118,conv_45.project.conv,Quant_Conv2d,"[1, 512, 7, 7]","[1, 128, 7, 7]",512,128,"[1, 1]","[1, 1]","[0, 0]","[1, 1]",1,,,,"[128, 512, 1, 1]",,,,,65536,0,3211264,6272,8,,,,False,,
119,conv_45.project.bn,BatchNorm2d,"[1, 128, 7, 7]","[1, 128, 7, 7]",,,,,,,,,,128,[128],[128],,[128],[128],256,257,,6272,,,,,,,
120,conv_5.model.0.0.conv.conv,Quant_Conv2d,"[1, 128, 7, 7]","[1, 256, 7, 7]",128,256,"[1, 1]","[1, 1]","[0, 0]","[1, 1]",1,,,,"[256, 128, 1, 1]",,,,,32768,0,1605632,12544,8,,,,False,,
121,conv_5.model.0.0.conv.bn,BatchNorm2d,"[1, 256, 7, 7]","[1, 256, 7, 7]",,,,,,,,,,256,[256],[256],,[256],[256],512,513,,12544,,,,,,,
122,conv_5.model.0.0.conv.prelu,QuantActPreLu,"[1, 256, 7, 7]","[1, 256, 7, 7]",,,,,,,,,,,,,[256],,,256,0,,12544,,8,-0.4806559979915619,0.9166358709335327,False,True,prelu_then_activation_quant
123,conv_5.model.0.0.conv_dw.conv,Quant_Conv2d,"[1, 256, 7, 7]","[1, 256, 7, 7]",256,256,"[3, 3]","[1, 1]","[1, 1]","[1, 1]",256,,,,"[256, 1, 3, 3]",,,,,2304,0,112896,12544,8,,,,False,,
124,conv_5.model.0.0.conv_dw.bn,BatchNorm2d,"[1, 256, 7, 7]","[1, 256, 7, 7]",,,,,,,,,,256,[256],[256],,[256],[256],512,513,,12544,,,,,,,
125,conv_5.model.0.0.conv_dw.prelu,QuantActPreLu,"[1, 256, 7, 7]","[1, 256, 7, 7]",,,,,,,,,,,,,[256],,,256,0,,12544,,8,-0.1636878252029419,2.3540730476379395,False,True,prelu_then_activation_quant
126,conv_5.model.0.0.project.conv,Quant_Conv2d,"[1, 256, 7, 7]","[1, 128, 7, 7]",256,128,"[1, 1]","[1, 1]","[0, 0]","[1, 1]",1,,,,"[128, 256, 1, 1]",,,,,32768,0,1605632,6272,8,,,,False,,
127,conv_5.model.0.0.project.bn,BatchNorm2d,"[1, 128, 7, 7]","[1, 128, 7, 7]",,,,,,,,,,128,[128],[128],,[128],[128],256,257,,6272,,,,,,,
128,conv_5.model.0.1,QuantAct,"[1, 128, 7, 7]","[1, 128, 7, 7]",,,,,,,,,,,,,,,,0,4,,6272,,8,-2.3891208171844482,2.6153173446655273,False,False,residual_add_output_quant
129,conv_5.model.1.0.conv.conv,Quant_Conv2d,"[1, 128, 7, 7]","[1, 256, 7, 7]",128,256,"[1, 1]","[1, 1]","[0, 0]","[1, 1]",1,,,,"[256, 128, 1, 1]",,,,,32768,0,1605632,12544,8,,,,False,,
130,conv_5.model.1.0.conv.bn,BatchNorm2d,"[1, 256, 7, 7]","[1, 256, 7, 7]",,,,,,,,,,256,[256],[256],,[256],[256],512,513,,12544,,,,,,,
131,conv_5.model.1.0.conv.prelu,QuantActPreLu,"[1, 256, 7, 7]","[1, 256, 7, 7]",,,,,,,,,,,,,[256],,,256,0,,12544,,8,-0.4501574635505676,1.3369637727737427,False,True,prelu_then_activation_quant
132,conv_5.model.1.0.conv_dw.conv,Quant_Conv2d,"[1, 256, 7, 7]","[1, 256, 7, 7]",256,256,"[3, 3]","[1, 1]","[1, 1]","[1, 1]",256,,,,"[256, 1, 3, 3]",,,,,2304,0,112896,12544,8,,,,False,,
133,conv_5.model.1.0.conv_dw.bn,BatchNorm2d,"[1, 256, 7, 7]","[1, 256, 7, 7]",,,,,,,,,,256,[256],[256],,[256],[256],512,513,,12544,,,,,,,
134,conv_5.model.1.0.conv_dw.prelu,QuantActPreLu,"[1, 256, 7, 7]","[1, 256, 7, 7]",,,,,,,,,,,,,[256],,,256,0,,12544,,8,-0.5260478854179382,2.9629030227661133,False,True,prelu_then_activation_quant
135,conv_5.model.1.0.project.conv,Quant_Conv2d,"[1, 256, 7, 7]","[1, 128, 7, 7]",256,128,"[1, 1]","[1, 1]","[0, 0]","[1, 1]",1,,,,"[128, 256, 1, 1]",,,,,32768,0,1605632,6272,8,,,,False,,
136,conv_5.model.1.0.project.bn,BatchNorm2d,"[1, 128, 7, 7]","[1, 128, 7, 7]",,,,,,,,,,128,[128],[128],,[128],[128],256,257,,6272,,,,,,,
137,conv_5.model.1.1,QuantAct,"[1, 128, 7, 7]","[1, 128, 7, 7]",,,,,,,,,,,,,,,,0,4,,6272,,8,-3.932542324066162,2.900538444519043,False,False,residual_add_output_quant
138,conv_6_sep.conv,Quant_Conv2d,"[1, 128, 7, 7]","[1, 512, 7, 7]",128,512,"[1, 1]","[1, 1]","[0, 0]","[1, 1]",1,,,,"[512, 128, 1, 1]",,,,,65536,0,3211264,25088,8,,,,False,,
139,conv_6_sep.bn,BatchNorm2d,"[1, 512, 7, 7]","[1, 512, 7, 7]",,,,,,,,,,512,[512],[512],,[512],[512],1024,1025,,25088,,,,,,,
140,conv_6_sep.prelu,QuantActPreLu,"[1, 512, 7, 7]","[1, 512, 7, 7]",,,,,,,,,,,,,[512],,,512,0,,25088,,8,-0.133229598402977,2.2294070720672607,False,True,prelu_then_activation_quant
141,output_layer.conv_6_dw.conv,Quant_Conv2d,"[1, 512, 7, 7]","[1, 512, 1, 1]",512,512,"[7, 7]","[1, 1]","[0, 0]","[1, 1]",512,,,,"[512, 1, 7, 7]",,,,,25088,0,25088,512,8,,,,False,,
142,output_layer.conv_6_dw.bn,BatchNorm2d,"[1, 512, 1, 1]","[1, 512, 1, 1]",,,,,,,,,,512,[512],[512],,[512],[512],1024,1025,,512,,,,,,,
143,output_layer.linear,Quant_Linear,"[1, 512]","[1, 128]",,,,,,,,512,128,,"[128, 512]",,,,,65536,0,65536,128,8,,,,False,,
144,output_layer.bn,BatchNorm1d,"[1, 128]","[1, 128]",,,,,,,,,,128,[128],[128],,[128],[128],256,257,,128,,,,,,,
